time,day_of_week,event type,date
,Tuesday,no football game,2019-01-01
,Wednesday,no football game,2019-01-02
,Thursday,no football game,2019-01-03
,Friday,no football game,2019-01-04
,Saturday,no football game,2019-01-05
,Sunday,no football game,2019-01-06
,Monday,no football game,2019-01-07
,Tuesday,no football game,2019-01-08
,Wednesday,no football game,2019-01-09
,Thursday,no football game,2019-01-10
,Friday,no football game,2019-01-11
,Saturday,no football game,2019-01-12
,Sunday,no football game,2019-01-13
,Monday,no football game,2019-01-14
,Tuesday,no football game,2019-01-15
,Wednesday,no football game,2019-01-16
,Thursday,no football game,2019-01-17
,Friday,no football game,2019-01-18
,Saturday,no football game,2019-01-19
,Sunday,no football game,2019-01-20
,Monday,no football game,2019-01-21
,Tuesday,no football game,2019-01-22
,Wednesday,no football game,2019-01-23
,Thursday,no football game,2019-01-24
,Friday,no football game,2019-01-25
,Saturday,no football game,2019-01-26
,Sunday,no football game,2019-01-27
,Monday,no football game,2019-01-28
,Tuesday,no football game,2019-01-29
,Wednesday,no football game,2019-01-30
,Thursday,no football game,2019-01-31
,Friday,no football game,2019-02-01
,Saturday,no football game,2019-02-02
,Sunday,no football game,2019-02-03
,Monday,no football game,2019-02-04
,Tuesday,no football game,2019-02-05
,Wednesday,no football game,2019-02-06
,Thursday,no football game,2019-02-07
,Friday,no football game,2019-02-08
,Saturday,no football game,2019-02-09
,Sunday,no football game,2019-02-10
,Monday,no football game,2019-02-11
,Tuesday,no football game,2019-02-12
,Wednesday,no football game,2019-02-13
,Thursday,no football game,2019-02-14
,Friday,no football game,2019-02-15
,Saturday,no football game,2019-02-16
,Sunday,no football game,2019-02-17
,Monday,no football game,2019-02-18
,Tuesday,no football game,2019-02-19
,Wednesday,no football game,2019-02-20
,Thursday,no football game,2019-02-21
,Friday,no football game,2019-02-22
,Saturday,no football game,2019-02-23
,Sunday,no football game,2019-02-24
,Monday,no football game,2019-02-25
,Tuesday,no football game,2019-02-26
,Wednesday,no football game,2019-02-27
,Thursday,no football game,2019-02-28
,Friday,no football game,2019-03-01
,Saturday,no football game,2019-03-02
,Sunday,no football game,2019-03-03
,Monday,no football game,2019-03-04
,Tuesday,no football game,2019-03-05
,Wednesday,no football game,2019-03-06
,Thursday,no football game,2019-03-07
,Friday,no football game,2019-03-08
,Saturday,no football game,2019-03-09
,Sunday,no football game,2019-03-10
,Monday,no football game,2019-03-11
,Tuesday,no football game,2019-03-12
,Wednesday,no football game,2019-03-13
,Thursday,no football game,2019-03-14
,Friday,no football game,2019-03-15
,Saturday,no football game,2019-03-16
,Sunday,no football game,2019-03-17
,Monday,no football game,2019-03-18
,Tuesday,no football game,2019-03-19
,Wednesday,no football game,2019-03-20
,Thursday,no football game,2019-03-21
,Friday,no football game,2019-03-22
,Saturday,no football game,2019-03-23
,Sunday,no football game,2019-03-24
,Monday,no football game,2019-03-25
,Tuesday,no football game,2019-03-26
,Wednesday,no football game,2019-03-27
,Thursday,no football game,2019-03-28
,Friday,no football game,2019-03-29
,Saturday,no football game,2019-03-30
,Sunday,no football game,2019-03-31
,Monday,no football game,2019-04-01
,Tuesday,no football game,2019-04-02
,Wednesday,no football game,2019-04-03
,Thursday,no football game,2019-04-04
,Friday,no football game,2019-04-05
,Saturday,no football game,2019-04-06
,Sunday,no football game,2019-04-07
,Monday,no football game,2019-04-08
,Tuesday,no football game,2019-04-09
,Wednesday,no football game,2019-04-10
,Thursday,no football game,2019-04-11
,Friday,no football game,2019-04-12
,Saturday,no football game,2019-04-13
,Sunday,no football game,2019-04-14
,Monday,no football game,2019-04-15
,Tuesday,no football game,2019-04-16
,Wednesday,no football game,2019-04-17
,Thursday,no football game,2019-04-18
,Friday,no football game,2019-04-19
,Saturday,no football game,2019-04-20
,Sunday,no football game,2019-04-21
,Monday,no football game,2019-04-22
,Tuesday,no football game,2019-04-23
,Wednesday,no football game,2019-04-24
,Thursday,no football game,2019-04-25
,Friday,no football game,2019-04-26
,Saturday,no football game,2019-04-27
,Sunday,no football game,2019-04-28
,Monday,no football game,2019-04-29
,Tuesday,no football game,2019-04-30
,Wednesday,no football game,2019-05-01
,Thursday,no football game,2019-05-02
,Friday,no football game,2019-05-03
,Saturday,no football game,2019-05-04
,Sunday,no football game,2019-05-05
,Monday,no football game,2019-05-06
,Tuesday,no football game,2019-05-07
,Wednesday,no football game,2019-05-08
,Thursday,no football game,2019-05-09
,Friday,no football game,2019-05-10
,Saturday,no football game,2019-05-11
,Sunday,no football game,2019-05-12
,Monday,no football game,2019-05-13
,Tuesday,no football game,2019-05-14
,Wednesday,no football game,2019-05-15
,Thursday,no football game,2019-05-16
,Friday,no football game,2019-05-17
,Saturday,no football game,2019-05-18
,Sunday,no football game,2019-05-19
,Monday,no football game,2019-05-20
,Tuesday,no football game,2019-05-21
,Wednesday,no football game,2019-05-22
,Thursday,no football game,2019-05-23
,Friday,no football game,2019-05-24
,Saturday,no football game,2019-05-25
,Sunday,no football game,2019-05-26
,Monday,no football game,2019-05-27
,Tuesday,no football game,2019-05-28
,Wednesday,no football game,2019-05-29
,Thursday,no football game,2019-05-30
,Friday,no football game,2019-05-31
,Saturday,no football game,2019-06-01
,Sunday,no football game,2019-06-02
,Monday,no football game,2019-06-03
,Tuesday,no football game,2019-06-04
,Wednesday,no football game,2019-06-05
,Thursday,no football game,2019-06-06
,Friday,no football game,2019-06-07
,Saturday,no football game,2019-06-08
,Sunday,no football game,2019-06-09
,Monday,no football game,2019-06-10
,Tuesday,no football game,2019-06-11
,Wednesday,no football game,2019-06-12
,Thursday,no football game,2019-06-13
,Friday,no football game,2019-06-14
,Saturday,no football game,2019-06-15
,Sunday,no football game,2019-06-16
,Monday,no football game,2019-06-17
,Tuesday,no football game,2019-06-18
,Wednesday,no football game,2019-06-19
,Thursday,no football game,2019-06-20
,Friday,no football game,2019-06-21
,Saturday,no football game,2019-06-22
,Sunday,no football game,2019-06-23
,Monday,no football game,2019-06-24
,Tuesday,no football game,2019-06-25
,Wednesday,no football game,2019-06-26
,Thursday,no football game,2019-06-27
,Friday,no football game,2019-06-28
,Saturday,no football game,2019-06-29
,Sunday,no football game,2019-06-30
,Monday,no football game,2019-07-01
,Tuesday,no football game,2019-07-02
,Wednesday,no football game,2019-07-03
,Thursday,no football game,2019-07-04
,Friday,no football game,2019-07-05
,Saturday,no football game,2019-07-06
,Sunday,no football game,2019-07-07
,Monday,no football game,2019-07-08
,Tuesday,no football game,2019-07-09
,Wednesday,no football game,2019-07-10
,Thursday,no football game,2019-07-11
,Friday,no football game,2019-07-12
,Saturday,no football game,2019-07-13
,Sunday,no football game,2019-07-14
,Monday,no football game,2019-07-15
,Tuesday,no football game,2019-07-16
,Wednesday,no football game,2019-07-17
,Thursday,no football game,2019-07-18
,Friday,no football game,2019-07-19
,Saturday,no football game,2019-07-20
,Sunday,no football game,2019-07-21
,Monday,no football game,2019-07-22
,Tuesday,no football game,2019-07-23
,Wednesday,no football game,2019-07-24
,Thursday,no football game,2019-07-25
,Friday,no football game,2019-07-26
,Saturday,no football game,2019-07-27
,Sunday,no football game,2019-07-28
,Monday,no football game,2019-07-29
,Tuesday,no football game,2019-07-30
,Wednesday,no football game,2019-07-31
,Thursday,no football game,2019-08-01
,Friday,no football game,2019-08-02
,Saturday,no football game,2019-08-03
,Sunday,no football game,2019-08-04
,Monday,no football game,2019-08-05
,Tuesday,no football game,2019-08-06
,Wednesday,no football game,2019-08-07
,Thursday,no football game,2019-08-08
,Friday,no football game,2019-08-09
,Saturday,no football game,2019-08-10
,Sunday,no football game,2019-08-11
,Monday,no football game,2019-08-12
,Tuesday,no football game,2019-08-13
,Wednesday,no football game,2019-08-14
,Thursday,no football game,2019-08-15
,Friday,no football game,2019-08-16
,Saturday,no football game,2019-08-17
,Sunday,no football game,2019-08-18
,Monday,no football game,2019-08-19
,Tuesday,no football game,2019-08-20
,Wednesday,no football game,2019-08-21
,Thursday,no football game,2019-08-22
,Friday,no football game,2019-08-23
,Saturday,no football game,2019-08-24
,Sunday,no football game,2019-08-25
,Monday,no football game,2019-08-26
,Tuesday,no football game,2019-08-27
,Wednesday,no football game,2019-08-28
,Thursday,no football game,2019-08-29
,Friday,no football game,2019-08-30
12:00:00,Saturday,football game,2019-08-31
,Sunday,no football game,2019-09-01
,Monday,no football game,2019-09-02
,Tuesday,no football game,2019-09-03
,Wednesday,no football game,2019-09-04
,Thursday,no football game,2019-09-05
,Friday,no football game,2019-09-06
19:30:00,Saturday,football game,2019-09-07
,Sunday,no football game,2019-09-08
,Monday,no football game,2019-09-09
,Tuesday,no football game,2019-09-10
,Wednesday,no football game,2019-09-11
,Thursday,no football game,2019-09-12
,Friday,no football game,2019-09-13
16:30:00,Saturday,football game,2019-09-14
,Sunday,no football game,2019-09-15
,Monday,no football game,2019-09-16
,Tuesday,no football game,2019-09-17
,Wednesday,no football game,2019-09-18
,Thursday,no football game,2019-09-19
,Friday,no football game,2019-09-20
,Saturday,no football game,2019-09-21
,Sunday,no football game,2019-09-22
,Monday,no football game,2019-09-23
,Tuesday,no football game,2019-09-24
,Wednesday,no football game,2019-09-25
,Thursday,no football game,2019-09-26
,Friday,no football game,2019-09-27
12:30:00,Saturday,football game,2019-09-28
,Sunday,no football game,2019-09-29
,Monday,no football game,2019-09-30
,Tuesday,no football game,2019-10-01
,Wednesday,no football game,2019-10-02
,Thursday,no football game,2019-10-03
,Friday,no football game,2019-10-04
,Saturday,no football game,2019-10-05
,Sunday,no football game,2019-10-06
,Monday,no football game,2019-10-07
,Tuesday,no football game,2019-10-08
,Wednesday,no football game,2019-10-09
,Thursday,no football game,2019-10-10
,Friday,no football game,2019-10-11
,Saturday,no football game,2019-10-12
,Sunday,no football game,2019-10-13
,Monday,no football game,2019-10-14
,Tuesday,no football game,2019-10-15
,Wednesday,no football game,2019-10-16
,Thursday,no football game,2019-10-17
,Friday,no football game,2019-10-18
12:30:00,Saturday,football game,2019-10-19
,Sunday,no football game,2019-10-20
,Monday,no football game,2019-10-21
,Tuesday,no football game,2019-10-22
,Wednesday,no football game,2019-10-23
,Thursday,no football game,2019-10-24
,Friday,no football game,2019-10-25
,Saturday,no football game,2019-10-26
,Sunday,no football game,2019-10-27
,Monday,no football game,2019-10-28
,Tuesday,no football game,2019-10-29
,Wednesday,no football game,2019-10-30
,Thursday,no football game,2019-10-31
,Friday,no football game,2019-11-01
13:00:00,Saturday,football game,2019-11-02
,Sunday,no football game,2019-11-03
,Monday,no football game,2019-11-04
,Tuesday,no football game,2019-11-05
,Wednesday,no football game,2019-11-06
,Thursday,no football game,2019-11-07
,Friday,no football game,2019-11-08
,Saturday,no football game,2019-11-09
,Sunday,no football game,2019-11-10
,Monday,no football game,2019-11-11
,Tuesday,no football game,2019-11-12
,Wednesday,no football game,2019-11-13
,Thursday,no football game,2019-11-14
,Friday,no football game,2019-11-15
,Saturday,no football game,2019-11-16
,Sunday,no football game,2019-11-17
,Monday,no football game,2019-11-18
,Tuesday,no football game,2019-11-19
,Wednesday,no football game,2019-11-20
,Thursday,no football game,2019-11-21
,Friday,no football game,2019-11-22
,Saturday,no football game,2019-11-23
,Sunday,no football game,2019-11-24
,Monday,no football game,2019-11-25
,Tuesday,no football game,2019-11-26
,Wednesday,no football game,2019-11-27
,Thursday,no football game,2019-11-28
13:00:00,Friday,football game,2019-11-29
,Saturday,no football game,2019-11-30
,Sunday,no football game,2019-12-01
,Monday,no football game,2019-12-02
,Tuesday,no football game,2019-12-03
,Wednesday,no football game,2019-12-04
,Thursday,no football game,2019-12-05
,Friday,no football game,2019-12-06
,Saturday,no football game,2019-12-07
,Sunday,no football game,2019-12-08
,Monday,no football game,2019-12-09
,Tuesday,no football game,2019-12-10
,Wednesday,no football game,2019-12-11
,Thursday,no football game,2019-12-12
,Friday,no football game,2019-12-13
,Saturday,no football game,2019-12-14
,Sunday,no football game,2019-12-15
,Monday,no football game,2019-12-16
,Tuesday,no football game,2019-12-17
,Wednesday,no football game,2019-12-18
,Thursday,no football game,2019-12-19
,Friday,no football game,2019-12-20
,Saturday,no football game,2019-12-21
,Sunday,no football game,2019-12-22
,Monday,no football game,2019-12-23
,Tuesday,no football game,2019-12-24
,Wednesday,no football game,2019-12-25
,Thursday,no football game,2019-12-26
,Friday,no football game,2019-12-27
,Saturday,no football game,2019-12-28
,Sunday,no football game,2019-12-29
,Monday,no football game,2019-12-30
,Tuesday,no football game,2019-12-31
,Wednesday,no football game,2020-01-01
,Thursday,no football game,2020-01-02
,Friday,no football game,2020-01-03
,Saturday,no football game,2020-01-04
,Sunday,no football game,2020-01-05
,Monday,no football game,2020-01-06
,Tuesday,no football game,2020-01-07
,Wednesday,no football game,2020-01-08
,Thursday,no football game,2020-01-09
,Friday,no football game,2020-01-10
,Saturday,no football game,2020-01-11
,Sunday,no football game,2020-01-12
,Monday,no football game,2020-01-13
,Tuesday,no football game,2020-01-14
,Wednesday,no football game,2020-01-15
,Thursday,no football game,2020-01-16
,Friday,no football game,2020-01-17
,Saturday,no football game,2020-01-18
,Sunday,no football game,2020-01-19
,Monday,no football game,2020-01-20
,Tuesday,no football game,2020-01-21
,Wednesday,no football game,2020-01-22
,Thursday,no football game,2020-01-23
,Friday,no football game,2020-01-24
,Saturday,no football game,2020-01-25
,Sunday,no football game,2020-01-26
,Monday,no football game,2020-01-27
,Tuesday,no football game,2020-01-28
,Wednesday,no football game,2020-01-29
,Thursday,no football game,2020-01-30
,Friday,no football game,2020-01-31
,Saturday,no football game,2020-02-01
,Sunday,no football game,2020-02-02
,Monday,no football game,2020-02-03
,Tuesday,no football game,2020-02-04
,Wednesday,no football game,2020-02-05
,Thursday,no football game,2020-02-06
,Friday,no football game,2020-02-07
,Saturday,no football game,2020-02-08
,Sunday,no football game,2020-02-09
,Monday,no football game,2020-02-10
,Tuesday,no football game,2020-02-11
,Wednesday,no football game,2020-02-12
,Thursday,no football game,2020-02-13
,Friday,no football game,2020-02-14
,Saturday,no football game,2020-02-15
,Sunday,no football game,2020-02-16
,Monday,no football game,2020-02-17
,Tuesday,no football game,2020-02-18
,Wednesday,no football game,2020-02-19
,Thursday,no football game,2020-02-20
,Friday,no football game,2020-02-21
,Saturday,no football game,2020-02-22
,Sunday,no football game,2020-02-23
,Monday,no football game,2020-02-24
,Tuesday,no football game,2020-02-25
,Wednesday,no football game,2020-02-26
,Thursday,no football game,2020-02-27
,Friday,no football game,2020-02-28
,Saturday,no football game,2020-02-29
,Sunday,no football game,2020-03-01
,Monday,no football game,2020-03-02
,Tuesday,no football game,2020-03-03
,Wednesday,no football game,2020-03-04
,Thursday,no football game,2020-03-05
,Friday,no football game,2020-03-06
,Saturday,no football game,2020-03-07
,Sunday,no football game,2020-03-08
,Monday,no football game,2020-03-09
,Tuesday,no football game,2020-03-10
,Wednesday,no football game,2020-03-11
,Thursday,no football game,2020-03-12
,Friday,no football game,2020-03-13
,Saturday,no football game,2020-03-14
,Sunday,no football game,2020-03-15
,Monday,no football game,2020-03-16
,Tuesday,no football game,2020-03-17
,Wednesday,no football game,2020-03-18
,Thursday,no football game,2020-03-19
,Friday,no football game,2020-03-20
,Saturday,no football game,2020-03-21
,Sunday,no football game,2020-03-22
,Monday,no football game,2020-03-23
,Tuesday,no football game,2020-03-24
,Wednesday,no football game,2020-03-25
,Thursday,no football game,2020-03-26
,Friday,no football game,2020-03-27
,Saturday,no football game,2020-03-28
,Sunday,no football game,2020-03-29
,Monday,no football game,2020-03-30
,Tuesday,no football game,2020-03-31
,Wednesday,no football game,2020-04-01
,Thursday,no football game,2020-04-02
,Friday,no football game,2020-04-03
,Saturday,no football game,2020-04-04
,Sunday,no football game,2020-04-05
,Monday,no football game,2020-04-06
,Tuesday,no football game,2020-04-07
,Wednesday,no football game,2020-04-08
,Thursday,no football game,2020-04-09
,Friday,no football game,2020-04-10
,Saturday,no football game,2020-04-11
,Sunday,no football game,2020-04-12
,Monday,no football game,2020-04-13
,Tuesday,no football game,2020-04-14
,Wednesday,no football game,2020-04-15
,Thursday,no football game,2020-04-16
,Friday,no football game,2020-04-17
,Saturday,no football game,2020-04-18
,Sunday,no football game,2020-04-19
,Monday,no football game,2020-04-20
,Tuesday,no football game,2020-04-21
,Wednesday,no football game,2020-04-22
,Thursday,no football game,2020-04-23
,Friday,no football game,2020-04-24
,Saturday,no football game,2020-04-25
,Sunday,no football game,2020-04-26
,Monday,no football game,2020-04-27
,Tuesday,no football game,2020-04-28
,Wednesday,no football game,2020-04-29
,Thursday,no football game,2020-04-30
,Friday,no football game,2020-05-01
,Saturday,no football game,2020-05-02
,Sunday,no football game,2020-05-03
,Monday,no football game,2020-05-04
,Tuesday,no football game,2020-05-05
,Wednesday,no football game,2020-05-06
,Thursday,no football game,2020-05-07
,Friday,no football game,2020-05-08
,Saturday,no football game,2020-05-09
,Sunday,no football game,2020-05-10
,Monday,no football game,2020-05-11
,Tuesday,no football game,2020-05-12
,Wednesday,no football game,2020-05-13
,Thursday,no football game,2020-05-14
,Friday,no football game,2020-05-15
,Saturday,no football game,2020-05-16
,Sunday,no football game,2020-05-17
,Monday,no football game,2020-05-18
,Tuesday,no football game,2020-05-19
,Wednesday,no football game,2020-05-20
,Thursday,no football game,2020-05-21
,Friday,no football game,2020-05-22
,Saturday,no football game,2020-05-23
,Sunday,no football game,2020-05-24
,Monday,no football game,2020-05-25
,Tuesday,no football game,2020-05-26
,Wednesday,no football game,2020-05-27
,Thursday,no football game,2020-05-28
,Friday,no football game,2020-05-29
,Saturday,no football game,2020-05-30
,Sunday,no football game,2020-05-31
,Monday,no football game,2020-06-01
,Tuesday,no football game,2020-06-02
,Wednesday,no football game,2020-06-03
,Thursday,no football game,2020-06-04
,Friday,no football game,2020-06-05
,Saturday,no football game,2020-06-06
,Sunday,no football game,2020-06-07
,Monday,no football game,2020-06-08
,Tuesday,no football game,2020-06-09
,Wednesday,no football game,2020-06-10
,Thursday,no football game,2020-06-11
,Friday,no football game,2020-06-12
,Saturday,no football game,2020-06-13
,Sunday,no football game,2020-06-14
,Monday,no football game,2020-06-15
,Tuesday,no football game,2020-06-16
,Wednesday,no football game,2020-06-17
,Thursday,no football game,2020-06-18
,Friday,no football game,2020-06-19
,Saturday,no football game,2020-06-20
,Sunday,no football game,2020-06-21
,Monday,no football game,2020-06-22
,Tuesday,no football game,2020-06-23
,Wednesday,no football game,2020-06-24
,Thursday,no football game,2020-06-25
,Friday,no football game,2020-06-26
,Saturday,no football game,2020-06-27
,Sunday,no football game,2020-06-28
,Monday,no football game,2020-06-29
,Tuesday,no football game,2020-06-30
,Wednesday,no football game,2020-07-01
,Thursday,no football game,2020-07-02
,Friday,no football game,2020-07-03
,Saturday,no football game,2020-07-04
,Sunday,no football game,2020-07-05
,Monday,no football game,2020-07-06
,Tuesday,no football game,2020-07-07
,Wednesday,no football game,2020-07-08
,Thursday,no football game,2020-07-09
,Friday,no football game,2020-07-10
,Saturday,no football game,2020-07-11
,Sunday,no football game,2020-07-12
,Monday,no football game,2020-07-13
,Tuesday,no football game,2020-07-14
,Wednesday,no football game,2020-07-15
,Thursday,no football game,2020-07-16
,Friday,no football game,2020-07-17
,Saturday,no football game,2020-07-18
,Sunday,no football game,2020-07-19
,Monday,no football game,2020-07-20
,Tuesday,no football game,2020-07-21
,Wednesday,no football game,2020-07-22
,Thursday,no football game,2020-07-23
,Friday,no football game,2020-07-24
,Saturday,no football game,2020-07-25
,Sunday,no football game,2020-07-26
,Monday,no football game,2020-07-27
,Tuesday,no football game,2020-07-28
,Wednesday,no football game,2020-07-29
,Thursday,no football game,2020-07-30
,Friday,no football game,2020-07-31
,Saturday,no football game,2020-08-01
,Sunday,no football game,2020-08-02
,Monday,no football game,2020-08-03
,Tuesday,no football game,2020-08-04
,Wednesday,no football game,2020-08-05
,Thursday,no football game,2020-08-06
,Friday,no football game,2020-08-07
,Saturday,no football game,2020-08-08
,Sunday,no football game,2020-08-09
,Monday,no football game,2020-08-10
,Tuesday,no football game,2020-08-11
,Wednesday,no football game,2020-08-12
,Thursday,no football game,2020-08-13
,Friday,no football game,2020-08-14
,Saturday,no football game,2020-08-15
,Sunday,no football game,2020-08-16
,Monday,no football game,2020-08-17
,Tuesday,no football game,2020-08-18
,Wednesday,no football game,2020-08-19
,Thursday,no football game,2020-08-20
,Friday,no football game,2020-08-21
,Saturday,no football game,2020-08-22
,Sunday,no football game,2020-08-23
,Monday,no football game,2020-08-24
,Tuesday,no football game,2020-08-25
,Wednesday,no football game,2020-08-26
,Thursday,no football game,2020-08-27
,Friday,no football game,2020-08-28
,Saturday,no football game,2020-08-29
,Sunday,no football game,2020-08-30
,Monday,no football game,2020-08-31
,Tuesday,no football game,2020-09-01
,Wednesday,no football game,2020-09-02
,Thursday,no football game,2020-09-03
,Friday,no football game,2020-09-04
,Saturday,no football game,2020-09-05
,Sunday,no football game,2020-09-06
,Monday,no football game,2020-09-07
,Tuesday,no football game,2020-09-08
,Wednesday,no football game,2020-09-09
,Thursday,no football game,2020-09-10
,Friday,no football game,2020-09-11
,Saturday,no football game,2020-09-12
,Sunday,no football game,2020-09-13
,Monday,no football game,2020-09-14
,Tuesday,no football game,2020-09-15
,Wednesday,no football game,2020-09-16
,Thursday,no football game,2020-09-17
,Friday,no football game,2020-09-18
,Saturday,no football game,2020-09-19
,Sunday,no football game,2020-09-20
,Monday,no football game,2020-09-21
,Tuesday,no football game,2020-09-22
,Wednesday,no football game,2020-09-23
,Thursday,no football game,2020-09-24
,Friday,no football game,2020-09-25
,Saturday,no football game,2020-09-26
,Sunday,no football game,2020-09-27
,Monday,no football game,2020-09-28
,Tuesday,no football game,2020-09-29
,Wednesday,no football game,2020-09-30
,Thursday,no football game,2020-10-01
,Friday,no football game,2020-10-02
,Saturday,no football game,2020-10-03
,Sunday,no football game,2020-10-04
,Monday,no football game,2020-10-05
,Tuesday,no football game,2020-10-06
,Wednesday,no football game,2020-10-07
,Thursday,no football game,2020-10-08
,Friday,no football game,2020-10-09
,Saturday,no football game,2020-10-10
,Sunday,no football game,2020-10-11
,Monday,no football game,2020-10-12
,Tuesday,no football game,2020-10-13
,Wednesday,no football game,2020-10-14
,Thursday,no football game,2020-10-15
,Friday,no football game,2020-10-16
,Saturday,no football game,2020-10-17
,Sunday,no football game,2020-10-18
,Monday,no football game,2020-10-19
,Tuesday,no football game,2020-10-20
,Wednesday,no football game,2020-10-21
,Thursday,no football game,2020-10-22
,Friday,no football game,2020-10-23
,Saturday,no football game,2020-10-24
,Sunday,no football game,2020-10-25
,Monday,no football game,2020-10-26
,Tuesday,no football game,2020-10-27
,Wednesday,no football game,2020-10-28
,Thursday,no football game,2020-10-29
,Friday,no football game,2020-10-30
,Saturday,no football game,2020-10-31
,Sunday,no football game,2020-11-01
,Monday,no football game,2020-11-02
,Tuesday,no football game,2020-11-03
,Wednesday,no football game,2020-11-04
,Thursday,no football game,2020-11-05
,Friday,no football game,2020-11-06
,Saturday,no football game,2020-11-07
,Sunday,no football game,2020-11-08
,Monday,no football game,2020-11-09
,Tuesday,no football game,2020-11-10
,Wednesday,no football game,2020-11-11
,Thursday,no football game,2020-11-12
,Friday,no football game,2020-11-13
20:00:00,Saturday,football game,2020-11-14
,Sunday,no football game,2020-11-15
,Monday,no football game,2020-11-16
,Tuesday,no football game,2020-11-17
,Wednesday,no football game,2020-11-18
,Thursday,no football game,2020-11-19
,Friday,no football game,2020-11-20
17:00:00,Saturday,football game,2020-11-21
,Sunday,no football game,2020-11-22
,Monday,no football game,2020-11-23
,Tuesday,no football game,2020-11-24
,Wednesday,no football game,2020-11-25
,Thursday,no football game,2020-11-26
,Friday,no football game,2020-11-27
16:30:00,Saturday,football game,2020-11-28
,Sunday,no football game,2020-11-29
,Monday,no football game,2020-11-30
,Tuesday,no football game,2020-12-01
,Wednesday,no football game,2020-12-02
,Thursday,no football game,2020-12-03
,Friday,no football game,2020-12-04
13:00:00,Saturday,football game,2020-12-05
,Sunday,no football game,2020-12-06
,Monday,no football game,2020-12-07
,Tuesday,no football game,2020-12-08
,Wednesday,no football game,2020-12-09
,Thursday,no football game,2020-12-10
,Friday,no football game,2020-12-11
,Saturday,no football game,2020-12-12
,Sunday,no football game,2020-12-13
,Monday,no football game,2020-12-14
,Tuesday,no football game,2020-12-15
,Wednesday,no football game,2020-12-16
,Thursday,no football game,2020-12-17
,Friday,no football game,2020-12-18
,Saturday,no football game,2020-12-19
,Sunday,no football game,2020-12-20
,Monday,no football game,2020-12-21
,Tuesday,no football game,2020-12-22
,Wednesday,no football game,2020-12-23
,Thursday,no football game,2020-12-24
,Friday,no football game,2020-12-25
,Saturday,no football game,2020-12-26
,Sunday,no football game,2020-12-27
,Monday,no football game,2020-12-28
,Tuesday,no football game,2020-12-29
,Wednesday,no football game,2020-12-30
,Thursday,no football game,2020-12-31
,Friday,no football game,2021-01-01
,Saturday,no football game,2021-01-02
,Sunday,no football game,2021-01-03
,Monday,no football game,2021-01-04
,Tuesday,no football game,2021-01-05
,Wednesday,no football game,2021-01-06
,Thursday,no football game,2021-01-07
,Friday,no football game,2021-01-08
,Saturday,no football game,2021-01-09
,Sunday,no football game,2021-01-10
,Monday,no football game,2021-01-11
,Tuesday,no football game,2021-01-12
,Wednesday,no football game,2021-01-13
,Thursday,no football game,2021-01-14
,Friday,no football game,2021-01-15
,Saturday,no football game,2021-01-16
,Sunday,no football game,2021-01-17
,Monday,no football game,2021-01-18
,Tuesday,no football game,2021-01-19
,Wednesday,no football game,2021-01-20
,Thursday,no football game,2021-01-21
,Friday,no football game,2021-01-22
,Saturday,no football game,2021-01-23
,Sunday,no football game,2021-01-24
,Monday,no football game,2021-01-25
,Tuesday,no football game,2021-01-26
,Wednesday,no football game,2021-01-27
,Thursday,no football game,2021-01-28
,Friday,no football game,2021-01-29
,Saturday,no football game,2021-01-30
,Sunday,no football game,2021-01-31
,Monday,no football game,2021-02-01
,Tuesday,no football game,2021-02-02
,Wednesday,no football game,2021-02-03
,Thursday,no football game,2021-02-04
,Friday,no football game,2021-02-05
,Saturday,no football game,2021-02-06
,Sunday,no football game,2021-02-07
,Monday,no football game,2021-02-08
,Tuesday,no football game,2021-02-09
,Wednesday,no football game,2021-02-10
,Thursday,no football game,2021-02-11
,Friday,no football game,2021-02-12
,Saturday,no football game,2021-02-13
,Sunday,no football game,2021-02-14
,Monday,no football game,2021-02-15
,Tuesday,no football game,2021-02-16
,Wednesday,no football game,2021-02-17
,Thursday,no football game,2021-02-18
,Friday,no football game,2021-02-19
,Saturday,no football game,2021-02-20
,Sunday,no football game,2021-02-21
,Monday,no football game,2021-02-22
,Tuesday,no football game,2021-02-23
,Wednesday,no football game,2021-02-24
,Thursday,no football game,2021-02-25
,Friday,no football game,2021-02-26
,Saturday,no football game,2021-02-27
,Sunday,no football game,2021-02-28
,Monday,no football game,2021-03-01
,Tuesday,no football game,2021-03-02
,Wednesday,no football game,2021-03-03
,Thursday,no football game,2021-03-04
,Friday,no football game,2021-03-05
,Saturday,no football game,2021-03-06
,Sunday,no football game,2021-03-07
,Monday,no football game,2021-03-08
,Tuesday,no football game,2021-03-09
,Wednesday,no football game,2021-03-10
,Thursday,no football game,2021-03-11
,Friday,no football game,2021-03-12
,Saturday,no football game,2021-03-13
,Sunday,no football game,2021-03-14
,Monday,no football game,2021-03-15
,Tuesday,no football game,2021-03-16
,Wednesday,no football game,2021-03-17
,Thursday,no football game,2021-03-18
,Friday,no football game,2021-03-19
,Saturday,no football game,2021-03-20
,Sunday,no football game,2021-03-21
,Monday,no football game,2021-03-22
,Tuesday,no football game,2021-03-23
,Wednesday,no football game,2021-03-24
,Thursday,no football game,2021-03-25
,Friday,no football game,2021-03-26
,Saturday,no football game,2021-03-27
,Sunday,no football game,2021-03-28
,Monday,no football game,2021-03-29
,Tuesday,no football game,2021-03-30
,Wednesday,no football game,2021-03-31
,Thursday,no football game,2021-04-01
,Friday,no football game,2021-04-02
,Saturday,no football game,2021-04-03
,Sunday,no football game,2021-04-04
,Monday,no football game,2021-04-05
,Tuesday,no football game,2021-04-06
,Wednesday,no football game,2021-04-07
,Thursday,no football game,2021-04-08
,Friday,no football game,2021-04-09
,Saturday,no football game,2021-04-10
,Sunday,no football game,2021-04-11
,Monday,no football game,2021-04-12
,Tuesday,no football game,2021-04-13
,Wednesday,no football game,2021-04-14
,Thursday,no football game,2021-04-15
,Friday,no football game,2021-04-16
,Saturday,no football game,2021-04-17
,Sunday,no football game,2021-04-18
,Monday,no football game,2021-04-19
,Tuesday,no football game,2021-04-20
,Wednesday,no football game,2021-04-21
,Thursday,no football game,2021-04-22
,Friday,no football game,2021-04-23
,Saturday,no football game,2021-04-24
,Sunday,no football game,2021-04-25
,Monday,no football game,2021-04-26
,Tuesday,no football game,2021-04-27
,Wednesday,no football game,2021-04-28
,Thursday,no football game,2021-04-29
,Friday,no football game,2021-04-30
12:00:00,Saturday,football game,2021-05-01
,Sunday,no football game,2021-05-02
,Monday,no football game,2021-05-03
,Tuesday,no football game,2021-05-04
,Wednesday,no football game,2021-05-05
,Thursday,no football game,2021-05-06
,Friday,no football game,2021-05-07
,Saturday,no football game,2021-05-08
,Sunday,no football game,2021-05-09
,Monday,no football game,2021-05-10
,Tuesday,no football game,2021-05-11
,Wednesday,no football game,2021-05-12
,Thursday,no football game,2021-05-13
,Friday,no football game,2021-05-14
,Saturday,no football game,2021-05-15
,Sunday,no football game,2021-05-16
,Monday,no football game,2021-05-17
,Tuesday,no football game,2021-05-18
,Wednesday,no football game,2021-05-19
,Thursday,no football game,2021-05-20
,Friday,no football game,2021-05-21
,Saturday,no football game,2021-05-22
,Sunday,no football game,2021-05-23
,Monday,no football game,2021-05-24
,Tuesday,no football game,2021-05-25
,Wednesday,no football game,2021-05-26
,Thursday,no football game,2021-05-27
,Friday,no football game,2021-05-28
,Saturday,no football game,2021-05-29
,Sunday,no football game,2021-05-30
,Monday,no football game,2021-05-31
,Tuesday,no football game,2021-06-01
,Wednesday,no football game,2021-06-02
,Thursday,no football game,2021-06-03
,Friday,no football game,2021-06-04
,Saturday,no football game,2021-06-05
,Sunday,no football game,2021-06-06
,Monday,no football game,2021-06-07
,Tuesday,no football game,2021-06-08
,Wednesday,no football game,2021-06-09
,Thursday,no football game,2021-06-10
,Friday,no football game,2021-06-11
,Saturday,no football game,2021-06-12
,Sunday,no football game,2021-06-13
,Monday,no football game,2021-06-14
,Tuesday,no football game,2021-06-15
,Wednesday,no football game,2021-06-16
,Thursday,no football game,2021-06-17
,Friday,no football game,2021-06-18
,Saturday,no football game,2021-06-19
,Sunday,no football game,2021-06-20
,Monday,no football game,2021-06-21
,Tuesday,no football game,2021-06-22
,Wednesday,no football game,2021-06-23
,Thursday,no football game,2021-06-24
,Friday,no football game,2021-06-25
,Saturday,no football game,2021-06-26
,Sunday,no football game,2021-06-27
,Monday,no football game,2021-06-28
,Tuesday,no football game,2021-06-29
,Wednesday,no football game,2021-06-30
,Thursday,no football game,2021-07-01
,Friday,no football game,2021-07-02
,Saturday,no football game,2021-07-03
,Sunday,no football game,2021-07-04
,Monday,no football game,2021-07-05
,Tuesday,no football game,2021-07-06
,Wednesday,no football game,2021-07-07
,Thursday,no football game,2021-07-08
,Friday,no football game,2021-07-09
,Saturday,no football game,2021-07-10
,Sunday,no football game,2021-07-11
,Monday,no football game,2021-07-12
,Tuesday,no football game,2021-07-13
,Wednesday,no football game,2021-07-14
,Thursday,no football game,2021-07-15
,Friday,no football game,2021-07-16
,Saturday,no football game,2021-07-17
,Sunday,no football game,2021-07-18
,Monday,no football game,2021-07-19
,Tuesday,no football game,2021-07-20
,Wednesday,no football game,2021-07-21
,Thursday,no football game,2021-07-22
,Friday,no football game,2021-07-23
,Saturday,no football game,2021-07-24
,Sunday,no football game,2021-07-25
,Monday,no football game,2021-07-26
,Tuesday,no football game,2021-07-27
,Wednesday,no football game,2021-07-28
,Thursday,no football game,2021-07-29
,Friday,no football game,2021-07-30
,Saturday,no football game,2021-07-31
,Sunday,no football game,2021-08-01
,Monday,no football game,2021-08-02
,Tuesday,no football game,2021-08-03
,Wednesday,no football game,2021-08-04
,Thursday,no football game,2021-08-05
,Friday,no football game,2021-08-06
,Saturday,no football game,2021-08-07
,Sunday,no football game,2021-08-08
,Monday,no football game,2021-08-09
,Tuesday,no football game,2021-08-10
,Wednesday,no football game,2021-08-11
,Thursday,no football game,2021-08-12
,Friday,no football game,2021-08-13
,Saturday,no football game,2021-08-14
,Sunday,no football game,2021-08-15
,Monday,no football game,2021-08-16
,Tuesday,no football game,2021-08-17
,Wednesday,no football game,2021-08-18
,Thursday,no football game,2021-08-19
,Friday,no football game,2021-08-20
,Saturday,no football game,2021-08-21
,Sunday,no football game,2021-08-22
,Monday,no football game,2021-08-23
,Tuesday,no football game,2021-08-24
,Wednesday,no football game,2021-08-25
,Thursday,no football game,2021-08-26
,Friday,no football game,2021-08-27
,Saturday,no football game,2021-08-28
,Sunday,no football game,2021-08-29
,Monday,no football game,2021-08-30
,Tuesday,no football game,2021-08-31
,Wednesday,no football game,2021-09-01
,Thursday,no football game,2021-09-02
,Friday,no football game,2021-09-03
17:00:00,Saturday,football game,2021-09-04
,Sunday,no football game,2021-09-05
,Monday,no football game,2021-09-06
,Tuesday,no football game,2021-09-07
,Wednesday,no football game,2021-09-08
,Thursday,no football game,2021-09-09
,Friday,no football game,2021-09-10
,Saturday,no football game,2021-09-11
,Sunday,no football game,2021-09-12
,Monday,no football game,2021-09-13
,Tuesday,no football game,2021-09-14
,Wednesday,no football game,2021-09-15
,Thursday,no football game,2021-09-16
,Friday,no football game,2021-09-17
13:15:00,Saturday,football game,2021-09-18
,Sunday,no football game,2021-09-19
,Monday,no football game,2021-09-20
,Tuesday,no football game,2021-09-21
,Wednesday,no football game,2021-09-22
,Thursday,no football game,2021-09-23
,Friday,no football game,2021-09-24
18:30:00,Saturday,football game,2021-09-25
,Sunday,no football game,2021-09-26
,Monday,no football game,2021-09-27
,Tuesday,no football game,2021-09-28
,Wednesday,no football game,2021-09-29
,Thursday,no football game,2021-09-30
,Friday,no football game,2021-10-01
,Saturday,no football game,2021-10-02
,Sunday,no football game,2021-10-03
,Monday,no football game,2021-10-04
,Tuesday,no football game,2021-10-05
,Wednesday,no football game,2021-10-06
,Thursday,no football game,2021-10-07
,Friday,no football game,2021-10-08
,Saturday,no football game,2021-10-09
,Sunday,no football game,2021-10-10
,Monday,no football game,2021-10-11
,Tuesday,no football game,2021-10-12
,Wednesday,no football game,2021-10-13
,Thursday,no football game,2021-10-14
,Friday,no football game,2021-10-15
17:30:00,Saturday,football game,2021-10-16
,Sunday,no football game,2021-10-17
,Monday,no football game,2021-10-18
,Tuesday,no football game,2021-10-19
,Wednesday,no football game,2021-10-20
,Thursday,no football game,2021-10-21
,Friday,no football game,2021-10-22
,Saturday,no football game,2021-10-23
,Sunday,no football game,2021-10-24
,Monday,no football game,2021-10-25
,Tuesday,no football game,2021-10-26
,Wednesday,no football game,2021-10-27
,Thursday,no football game,2021-10-28
,Friday,no football game,2021-10-29
,Saturday,no football game,2021-10-30
,Sunday,no football game,2021-10-31
,Monday,no football game,2021-11-01
,Tuesday,no football game,2021-11-02
,Wednesday,no football game,2021-11-03
,Thursday,no football game,2021-11-04
,Friday,no football game,2021-11-05
16:30:00,Saturday,football game,2021-11-06
,Sunday,no football game,2021-11-07
,Monday,no football game,2021-11-08
,Tuesday,no football game,2021-11-09
,Wednesday,no football game,2021-11-10
,Thursday,no football game,2021-11-11
,Friday,no football game,2021-11-12
16:00:00,Saturday,football game,2021-11-13
,Sunday,no football game,2021-11-14
,Monday,no football game,2021-11-15
,Tuesday,no football game,2021-11-16
,Wednesday,no football game,2021-11-17
,Thursday,no football game,2021-11-18
,Friday,no football game,2021-11-19
,Saturday,no football game,2021-11-20
,Sunday,no football game,2021-11-21
,Monday,no football game,2021-11-22
,Tuesday,no football game,2021-11-23
,Wednesday,no football game,2021-11-24
,Thursday,no football game,2021-11-25
17:00:00,Friday,football game,2021-11-26
,Saturday,no football game,2021-11-27
,Sunday,no football game,2021-11-28
,Monday,no football game,2021-11-29
,Tuesday,no football game,2021-11-30
,Wednesday,no football game,2021-12-01
,Thursday,no football game,2021-12-02
,Friday,no football game,2021-12-03
,Saturday,no football game,2021-12-04
,Sunday,no football game,2021-12-05
,Monday,no football game,2021-12-06
,Tuesday,no football game,2021-12-07
,Wednesday,no football game,2021-12-08
,Thursday,no football game,2021-12-09
,Friday,no football game,2021-12-10
,Saturday,no football game,2021-12-11
,Sunday,no football game,2021-12-12
,Monday,no football game,2021-12-13
,Tuesday,no football game,2021-12-14
,Wednesday,no football game,2021-12-15
,Thursday,no football game,2021-12-16
,Friday,no football game,2021-12-17
,Saturday,no football game,2021-12-18
,Sunday,no football game,2021-12-19
,Monday,no football game,2021-12-20
,Tuesday,no football game,2021-12-21
,Wednesday,no football game,2021-12-22
,Thursday,no football game,2021-12-23
,Friday,no football game,2021-12-24
,Saturday,no football game,2021-12-25
,Sunday,no football game,2021-12-26
,Monday,no football game,2021-12-27
,Tuesday,no football game,2021-12-28
,Wednesday,no football game,2021-12-29
,Thursday,no football game,2021-12-30
,Friday,no football game,2021-12-31
,Saturday,no football game,2022-01-01
,Sunday,no football game,2022-01-02
,Monday,no football game,2022-01-03
,Tuesday,no football game,2022-01-04
,Wednesday,no football game,2022-01-05
,Thursday,no football game,2022-01-06
,Friday,no football game,2022-01-07
,Saturday,no football game,2022-01-08
,Sunday,no football game,2022-01-09
,Monday,no football game,2022-01-10
,Tuesday,no football game,2022-01-11
,Wednesday,no football game,2022-01-12
,Thursday,no football game,2022-01-13
,Friday,no football game,2022-01-14
,Saturday,no football game,2022-01-15
,Sunday,no football game,2022-01-16
,Monday,no football game,2022-01-17
,Tuesday,no football game,2022-01-18
,Wednesday,no football game,2022-01-19
,Thursday,no football game,2022-01-20
,Friday,no football game,2022-01-21
,Saturday,no football game,2022-01-22
,Sunday,no football game,2022-01-23
,Monday,no football game,2022-01-24
,Tuesday,no football game,2022-01-25
,Wednesday,no football game,2022-01-26
,Thursday,no football game,2022-01-27
,Friday,no football game,2022-01-28
,Saturday,no football game,2022-01-29
,Sunday,no football game,2022-01-30
,Monday,no football game,2022-01-31
,Tuesday,no football game,2022-02-01
,Wednesday,no football game,2022-02-02
,Thursday,no football game,2022-02-03
,Friday,no football game,2022-02-04
,Saturday,no football game,2022-02-05
,Sunday,no football game,2022-02-06
,Monday,no football game,2022-02-07
,Tuesday,no football game,2022-02-08
,Wednesday,no football game,2022-02-09
,Thursday,no football game,2022-02-10
,Friday,no football game,2022-02-11
,Saturday,no football game,2022-02-12
,Sunday,no football game,2022-02-13
,Monday,no football game,2022-02-14
,Tuesday,no football game,2022-02-15
,Wednesday,no football game,2022-02-16
,Thursday,no football game,2022-02-17
,Friday,no football game,2022-02-18
,Saturday,no football game,2022-02-19
,Sunday,no football game,2022-02-20
,Monday,no football game,2022-02-21
,Tuesday,no football game,2022-02-22
,Wednesday,no football game,2022-02-23
,Thursday,no football game,2022-02-24
,Friday,no football game,2022-02-25
,Saturday,no football game,2022-02-26
,Sunday,no football game,2022-02-27
,Monday,no football game,2022-02-28
,Tuesday,no football game,2022-03-01
,Wednesday,no football game,2022-03-02
,Thursday,no football game,2022-03-03
,Friday,no football game,2022-03-04
,Saturday,no football game,2022-03-05
,Sunday,no football game,2022-03-06
,Monday,no football game,2022-03-07
,Tuesday,no football game,2022-03-08
,Wednesday,no football game,2022-03-09
,Thursday,no football game,2022-03-10
,Friday,no football game,2022-03-11
,Saturday,no football game,2022-03-12
,Sunday,no football game,2022-03-13
,Monday,no football game,2022-03-14
,Tuesday,no football game,2022-03-15
,Wednesday,no football game,2022-03-16
,Thursday,no football game,2022-03-17
,Friday,no football game,2022-03-18
,Saturday,no football game,2022-03-19
,Sunday,no football game,2022-03-20
,Monday,no football game,2022-03-21
,Tuesday,no football game,2022-03-22
,Wednesday,no football game,2022-03-23
,Thursday,no football game,2022-03-24
,Friday,no football game,2022-03-25
,Saturday,no football game,2022-03-26
,Sunday,no football game,2022-03-27
,Monday,no football game,2022-03-28
,Tuesday,no football game,2022-03-29
,Wednesday,no football game,2022-03-30
,Thursday,no football game,2022-03-31
,Friday,no football game,2022-04-01
,Saturday,no football game,2022-04-02
,Sunday,no football game,2022-04-03
,Monday,no football game,2022-04-04
,Tuesday,no football game,2022-04-05
,Wednesday,no football game,2022-04-06
,Thursday,no football game,2022-04-07
,Friday,no football game,2022-04-08
,Saturday,no football game,2022-04-09
,Sunday,no football game,2022-04-10
,Monday,no football game,2022-04-11
,Tuesday,no football game,2022-04-12
,Wednesday,no football game,2022-04-13
,Thursday,no football game,2022-04-14
,Friday,no football game,2022-04-15
,Saturday,no football game,2022-04-16
,Sunday,no football game,2022-04-17
,Monday,no football game,2022-04-18
,Tuesday,no football game,2022-04-19
,Wednesday,no football game,2022-04-20
,Thursday,no football game,2022-04-21
,Friday,no football game,2022-04-22
,Saturday,no football game,2022-04-23
,Sunday,no football game,2022-04-24
,Monday,no football game,2022-04-25
,Tuesday,no football game,2022-04-26
,Wednesday,no football game,2022-04-27
,Thursday,no football game,2022-04-28
,Friday,no football game,2022-04-29
,Saturday,no football game,2022-04-30
,Sunday,no football game,2022-05-01
,Monday,no football game,2022-05-02
,Tuesday,no football game,2022-05-03
,Wednesday,no football game,2022-05-04
,Thursday,no football game,2022-05-05
,Friday,no football game,2022-05-06
,Saturday,no football game,2022-05-07
,Sunday,no football game,2022-05-08
,Monday,no football game,2022-05-09
,Tuesday,no football game,2022-05-10
,Wednesday,no football game,2022-05-11
,Thursday,no football game,2022-05-12
,Friday,no football game,2022-05-13
,Saturday,no football game,2022-05-14
,Sunday,no football game,2022-05-15
,Monday,no football game,2022-05-16
,Tuesday,no football game,2022-05-17
,Wednesday,no football game,2022-05-18
,Thursday,no football game,2022-05-19
,Friday,no football game,2022-05-20
,Saturday,no football game,2022-05-21
,Sunday,no football game,2022-05-22
,Monday,no football game,2022-05-23
,Tuesday,no football game,2022-05-24
,Wednesday,no football game,2022-05-25
,Thursday,no football game,2022-05-26
,Friday,no football game,2022-05-27
,Saturday,no football game,2022-05-28
,Sunday,no football game,2022-05-29
,Monday,no football game,2022-05-30
,Tuesday,no football game,2022-05-31
,Wednesday,no football game,2022-06-01
,Thursday,no football game,2022-06-02
,Friday,no football game,2022-06-03
,Saturday,no football game,2022-06-04
,Sunday,no football game,2022-06-05
,Monday,no football game,2022-06-06
,Tuesday,no football game,2022-06-07
,Wednesday,no football game,2022-06-08
,Thursday,no football game,2022-06-09
,Friday,no football game,2022-06-10
,Saturday,no football game,2022-06-11
,Sunday,no football game,2022-06-12
,Monday,no football game,2022-06-13
,Tuesday,no football game,2022-06-14
,Wednesday,no football game,2022-06-15
,Thursday,no football game,2022-06-16
,Friday,no football game,2022-06-17
,Saturday,no football game,2022-06-18
,Sunday,no football game,2022-06-19
,Monday,no football game,2022-06-20
,Tuesday,no football game,2022-06-21
,Wednesday,no football game,2022-06-22
,Thursday,no football game,2022-06-23
,Friday,no football game,2022-06-24
,Saturday,no football game,2022-06-25
,Sunday,no football game,2022-06-26
,Monday,no football game,2022-06-27
,Tuesday,no football game,2022-06-28
,Wednesday,no football game,2022-06-29
,Thursday,no football game,2022-06-30
,Friday,no football game,2022-07-01
,Saturday,no football game,2022-07-02
,Sunday,no football game,2022-07-03
,Monday,no football game,2022-07-04
,Tuesday,no football game,2022-07-05
,Wednesday,no football game,2022-07-06
,Thursday,no football game,2022-07-07
,Friday,no football game,2022-07-08
,Saturday,no football game,2022-07-09
,Sunday,no football game,2022-07-10
,Monday,no football game,2022-07-11
,Tuesday,no football game,2022-07-12
,Wednesday,no football game,2022-07-13
,Thursday,no football game,2022-07-14
,Friday,no football game,2022-07-15
,Saturday,no football game,2022-07-16
,Sunday,no football game,2022-07-17
,Monday,no football game,2022-07-18
,Tuesday,no football game,2022-07-19
,Wednesday,no football game,2022-07-20
,Thursday,no football game,2022-07-21
,Friday,no football game,2022-07-22
,Saturday,no football game,2022-07-23
,Sunday,no football game,2022-07-24
,Monday,no football game,2022-07-25
,Tuesday,no football game,2022-07-26
,Wednesday,no football game,2022-07-27
,Thursday,no football game,2022-07-28
,Friday,no football game,2022-07-29
,Saturday,no football game,2022-07-30
,Sunday,no football game,2022-07-31
,Monday,no football game,2022-08-01
,Tuesday,no football game,2022-08-02
,Wednesday,no football game,2022-08-03
,Thursday,no football game,2022-08-04
,Friday,no football game,2022-08-05
,Saturday,no football game,2022-08-06
,Sunday,no football game,2022-08-07
,Monday,no football game,2022-08-08
,Tuesday,no football game,2022-08-09
,Wednesday,no football game,2022-08-10
,Thursday,no football game,2022-08-11
,Friday,no football game,2022-08-12
,Saturday,no football game,2022-08-13
,Sunday,no football game,2022-08-14
,Monday,no football game,2022-08-15
,Tuesday,no football game,2022-08-16
,Wednesday,no football game,2022-08-17
,Thursday,no football game,2022-08-18
,Friday,no football game,2022-08-19
,Saturday,no football game,2022-08-20
,Sunday,no football game,2022-08-21
,Monday,no football game,2022-08-22
,Tuesday,no football game,2022-08-23
,Wednesday,no football game,2022-08-24
,Thursday,no football game,2022-08-25
,Friday,no football game,2022-08-26
,Saturday,no football game,2022-08-27
,Sunday,no football game,2022-08-28
,Monday,no football game,2022-08-29
,Tuesday,no football game,2022-08-30
,Wednesday,no football game,2022-08-31
,Thursday,no football game,2022-09-01
,Friday,no football game,2022-09-02
19:30:00,Saturday,football game,2022-09-03
,Sunday,no football game,2022-09-04
,Monday,no football game,2022-09-05
,Tuesday,no football game,2022-09-06
,Wednesday,no football game,2022-09-07
,Thursday,no football game,2022-09-08
,Friday,no football game,2022-09-09
13:00:00,Saturday,football game,2022-09-10
,Sunday,no football game,2022-09-11
,Monday,no football game,2022-09-12
,Tuesday,no football game,2022-09-13
,Wednesday,no football game,2022-09-14
,Thursday,no football game,2022-09-15
,Friday,no football game,2022-09-16
16:30:00,Saturday,football game,2022-09-17
,Sunday,no football game,2022-09-18
,Monday,no football game,2022-09-19
,Tuesday,no football game,2022-09-20
,Wednesday,no football game,2022-09-21
,Thursday,no football game,2022-09-22
,Friday,no football game,2022-09-23
19:30:00,Saturday,football game,2022-09-24
,Sunday,no football game,2022-09-25
,Monday,no football game,2022-09-26
,Tuesday,no football game,2022-09-27
,Wednesday,no football game,2022-09-28
,Thursday,no football game,2022-09-29
,Friday,no football game,2022-09-30
,Saturday,no football game,2022-10-01
,Sunday,no football game,2022-10-02
,Monday,no football game,2022-10-03
,Tuesday,no football game,2022-10-04
,Wednesday,no football game,2022-10-05
,Thursday,no football game,2022-10-06
,Friday,no football game,2022-10-07
,Saturday,no football game,2022-10-08
,Sunday,no football game,2022-10-09
,Monday,no football game,2022-10-10
,Tuesday,no football game,2022-10-11
,Wednesday,no football game,2022-10-12
,Thursday,no football game,2022-10-13
,Friday,no football game,2022-10-14
14:30:00,Saturday,football game,2022-10-15
,Sunday,no football game,2022-10-16
,Monday,no football game,2022-10-17
,Tuesday,no football game,2022-10-18
,Wednesday,no football game,2022-10-19
,Thursday,no football game,2022-10-20
,Friday,no football game,2022-10-21
,Saturday,no football game,2022-10-22
,Sunday,no football game,2022-10-23
,Monday,no football game,2022-10-24
,Tuesday,no football game,2022-10-25
,Wednesday,no football game,2022-10-26
,Thursday,no football game,2022-10-27
,Friday,no football game,2022-10-28
,Saturday,no football game,2022-10-29
,Sunday,no football game,2022-10-30
,Monday,no football game,2022-10-31
,Tuesday,no football game,2022-11-01
,Wednesday,no football game,2022-11-02
,Thursday,no football game,2022-11-03
19:30:00,Friday,football game,2022-11-04
,Saturday,no football game,2022-11-05
,Sunday,no football game,2022-11-06
,Monday,no football game,2022-11-07
,Tuesday,no football game,2022-11-08
,Wednesday,no football game,2022-11-09
,Thursday,no football game,2022-11-10
,Friday,no football game,2022-11-11
,Saturday,no football game,2022-11-12
,Sunday,no football game,2022-11-13
,Monday,no football game,2022-11-14
,Tuesday,no football game,2022-11-15
,Wednesday,no football game,2022-11-16
,Thursday,no football game,2022-11-17
,Friday,no football game,2022-11-18
18:00:00,Saturday,football game,2022-11-19
,Sunday,no football game,2022-11-20
,Monday,no football game,2022-11-21
,Tuesday,no football game,2022-11-22
,Wednesday,no football game,2022-11-23
,Thursday,no football game,2022-11-24
,Friday,no football game,2022-11-25
,Saturday,no football game,2022-11-26
,Sunday,no football game,2022-11-27
,Monday,no football game,2022-11-28
,Tuesday,no football game,2022-11-29
,Wednesday,no football game,2022-11-30
,Thursday,no football game,2022-12-01
,Friday,no football game,2022-12-02
,Saturday,no football game,2022-12-03
,Sunday,no football game,2022-12-04
,Monday,no football game,2022-12-05
,Tuesday,no football game,2022-12-06
,Wednesday,no football game,2022-12-07
,Thursday,no football game,2022-12-08
,Friday,no football game,2022-12-09
,Saturday,no football game,2022-12-10
,Sunday,no football game,2022-12-11
,Monday,no football game,2022-12-12
,Tuesday,no football game,2022-12-13
,Wednesday,no football game,2022-12-14
,Thursday,no football game,2022-12-15
,Friday,no football game,2022-12-16
,Saturday,no football game,2022-12-17
,Sunday,no football game,2022-12-18
,Monday,no football game,2022-12-19
,Tuesday,no football game,2022-12-20
,Wednesday,no football game,2022-12-21
,Thursday,no football game,2022-12-22
,Friday,no football game,2022-12-23
,Saturday,no football game,2022-12-24
,Sunday,no football game,2022-12-25
,Monday,no football game,2022-12-26
,Tuesday,no football game,2022-12-27
,Wednesday,no football game,2022-12-28
,Thursday,no football game,2022-12-29
,Friday,no football game,2022-12-30
,Saturday,no football game,2022-12-31
,Sunday,no football game,2023-01-01
,Monday,no football game,2023-01-02
,Tuesday,no football game,2023-01-03
,Wednesday,no football game,2023-01-04
,Thursday,no football game,2023-01-05
,Friday,no football game,2023-01-06
,Saturday,no football game,2023-01-07
,Sunday,no football game,2023-01-08
,Monday,no football game,2023-01-09
,Tuesday,no football game,2023-01-10
,Wednesday,no football game,2023-01-11
,Thursday,no football game,2023-01-12
,Friday,no football game,2023-01-13
,Saturday,no football game,2023-01-14
,Sunday,no football game,2023-01-15
,Monday,no football game,2023-01-16
,Tuesday,no football game,2023-01-17
,Wednesday,no football game,2023-01-18
,Thursday,no football game,2023-01-19
,Friday,no football game,2023-01-20
,Saturday,no football game,2023-01-21
,Sunday,no football game,2023-01-22
,Monday,no football game,2023-01-23
,Tuesday,no football game,2023-01-24
,Wednesday,no football game,2023-01-25
,Thursday,no football game,2023-01-26
,Friday,no football game,2023-01-27
,Saturday,no football game,2023-01-28
,Sunday,no football game,2023-01-29
,Monday,no football game,2023-01-30
,Tuesday,no football game,2023-01-31
,Wednesday,no football game,2023-02-01
,Thursday,no football game,2023-02-02
,Friday,no football game,2023-02-03
,Saturday,no football game,2023-02-04
,Sunday,no football game,2023-02-05
,Monday,no football game,2023-02-06
,Tuesday,no football game,2023-02-07
,Wednesday,no football game,2023-02-08
,Thursday,no football game,2023-02-09
,Friday,no football game,2023-02-10
,Saturday,no football game,2023-02-11
,Sunday,no football game,2023-02-12
,Monday,no football game,2023-02-13
,Tuesday,no football game,2023-02-14
,Wednesday,no football game,2023-02-15
,Thursday,no football game,2023-02-16
,Friday,no football game,2023-02-17
,Saturday,no football game,2023-02-18
,Sunday,no football game,2023-02-19
,Monday,no football game,2023-02-20
,Tuesday,no football game,2023-02-21
,Wednesday,no football game,2023-02-22
,Thursday,no football game,2023-02-23
,Friday,no football game,2023-02-24
,Saturday,no football game,2023-02-25
,Sunday,no football game,2023-02-26
,Monday,no football game,2023-02-27
,Tuesday,no football game,2023-02-28
,Wednesday,no football game,2023-03-01
,Thursday,no football game,2023-03-02
,Friday,no football game,2023-03-03
,Saturday,no football game,2023-03-04
,Sunday,no football game,2023-03-05
,Monday,no football game,2023-03-06
,Tuesday,no football game,2023-03-07
,Wednesday,no football game,2023-03-08
,Thursday,no football game,2023-03-09
,Friday,no football game,2023-03-10
,Saturday,no football game,2023-03-11
,Sunday,no football game,2023-03-12
,Monday,no football game,2023-03-13
,Tuesday,no football game,2023-03-14
,Wednesday,no football game,2023-03-15
,Thursday,no football game,2023-03-16
,Friday,no football game,2023-03-17
,Saturday,no football game,2023-03-18
,Sunday,no football game,2023-03-19
,Monday,no football game,2023-03-20
,Tuesday,no football game,2023-03-21
,Wednesday,no football game,2023-03-22
,Thursday,no football game,2023-03-23
,Friday,no football game,2023-03-24
,Saturday,no football game,2023-03-25
,Sunday,no football game,2023-03-26
,Monday,no football game,2023-03-27
,Tuesday,no football game,2023-03-28
,Wednesday,no football game,2023-03-29
,Thursday,no football game,2023-03-30
,Friday,no football game,2023-03-31
,Saturday,no football game,2023-04-01
,Sunday,no football game,2023-04-02
,Monday,no football game,2023-04-03
,Tuesday,no football game,2023-04-04
,Wednesday,no football game,2023-04-05
,Thursday,no football game,2023-04-06
,Friday,no football game,2023-04-07
,Saturday,no football game,2023-04-08
,Sunday,no football game,2023-04-09
,Monday,no football game,2023-04-10
,Tuesday,no football game,2023-04-11
,Wednesday,no football game,2023-04-12
,Thursday,no football game,2023-04-13
,Friday,no football game,2023-04-14
,Saturday,no football game,2023-04-15
,Sunday,no football game,2023-04-16
,Monday,no football game,2023-04-17
,Tuesday,no football game,2023-04-18
,Wednesday,no football game,2023-04-19
,Thursday,no football game,2023-04-20
,Friday,no football game,2023-04-21
13:00:00,Saturday,football game,2023-04-22
,Sunday,no football game,2023-04-23
,Monday,no football game,2023-04-24
,Tuesday,no football game,2023-04-25
,Wednesday,no football game,2023-04-26
,Thursday,no football game,2023-04-27
,Friday,no football game,2023-04-28
,Saturday,no football game,2023-04-29
,Sunday,no football game,2023-04-30
,Monday,no football game,2023-05-01
,Tuesday,no football game,2023-05-02
,Wednesday,no football game,2023-05-03
,Thursday,no football game,2023-05-04
,Friday,no football game,2023-05-05
,Saturday,no football game,2023-05-06
,Sunday,no football game,2023-05-07
,Monday,no football game,2023-05-08
,Tuesday,no football game,2023-05-09
,Wednesday,no football game,2023-05-10
,Thursday,no football game,2023-05-11
,Friday,no football game,2023-05-12
,Saturday,no football game,2023-05-13
,Sunday,no football game,2023-05-14
,Monday,no football game,2023-05-15
,Tuesday,no football game,2023-05-16
,Wednesday,no football game,2023-05-17
,Thursday,no football game,2023-05-18
,Friday,no football game,2023-05-19
,Saturday,no football game,2023-05-20
,Sunday,no football game,2023-05-21
,Monday,no football game,2023-05-22
,Tuesday,no football game,2023-05-23
,Wednesday,no football game,2023-05-24
,Thursday,no football game,2023-05-25
,Friday,no football game,2023-05-26
,Saturday,no football game,2023-05-27
,Sunday,no football game,2023-05-28
,Monday,no football game,2023-05-29
,Tuesday,no football game,2023-05-30
,Wednesday,no football game,2023-05-31
,Thursday,no football game,2023-06-01
,Friday,no football game,2023-06-02
,Saturday,no football game,2023-06-03
,Sunday,no football game,2023-06-04
,Monday,no football game,2023-06-05
,Tuesday,no football game,2023-06-06
,Wednesday,no football game,2023-06-07
,Thursday,no football game,2023-06-08
,Friday,no football game,2023-06-09
,Saturday,no football game,2023-06-10
,Sunday,no football game,2023-06-11
,Monday,no football game,2023-06-12
,Tuesday,no football game,2023-06-13
,Wednesday,no football game,2023-06-14
,Thursday,no football game,2023-06-15
,Friday,no football game,2023-06-16
,Saturday,no football game,2023-06-17
,Sunday,no football game,2023-06-18
,Monday,no football game,2023-06-19
,Tuesday,no football game,2023-06-20
,Wednesday,no football game,2023-06-21
,Thursday,no football game,2023-06-22
,Friday,no football game,2023-06-23
,Saturday,no football game,2023-06-24
,Sunday,no football game,2023-06-25
,Monday,no football game,2023-06-26
,Tuesday,no football game,2023-06-27
,Wednesday,no football game,2023-06-28
,Thursday,no football game,2023-06-29
,Friday,no football game,2023-06-30
,Saturday,no football game,2023-07-01
,Sunday,no football game,2023-07-02
,Monday,no football game,2023-07-03
,Tuesday,no football game,2023-07-04
,Wednesday,no football game,2023-07-05
,Thursday,no football game,2023-07-06
,Friday,no football game,2023-07-07
,Saturday,no football game,2023-07-08
,Sunday,no football game,2023-07-09
,Monday,no football game,2023-07-10
,Tuesday,no football game,2023-07-11
,Wednesday,no football game,2023-07-12
,Thursday,no football game,2023-07-13
,Friday,no football game,2023-07-14
,Saturday,no football game,2023-07-15
,Sunday,no football game,2023-07-16
,Monday,no football game,2023-07-17
,Tuesday,no football game,2023-07-18
,Wednesday,no football game,2023-07-19
,Thursday,no football game,2023-07-20
,Friday,no football game,2023-07-21
,Saturday,no football game,2023-07-22
,Sunday,no football game,2023-07-23
,Monday,no football game,2023-07-24
,Tuesday,no football game,2023-07-25
,Wednesday,no football game,2023-07-26
,Thursday,no football game,2023-07-27
,Friday,no football game,2023-07-28
,Saturday,no football game,2023-07-29
,Sunday,no football game,2023-07-30
,Monday,no football game,2023-07-31
,Tuesday,no football game,2023-08-01
,Wednesday,no football game,2023-08-02
,Thursday,no football game,2023-08-03
,Friday,no football game,2023-08-04
,Saturday,no football game,2023-08-05
,Sunday,no football game,2023-08-06
,Monday,no football game,2023-08-07
,Tuesday,no football game,2023-08-08
,Wednesday,no football game,2023-08-09
,Thursday,no football game,2023-08-10
,Friday,no football game,2023-08-11
,Saturday,no football game,2023-08-12
,Sunday,no football game,2023-08-13
,Monday,no football game,2023-08-14
,Tuesday,no football game,2023-08-15
,Wednesday,no football game,2023-08-16
,Thursday,no football game,2023-08-17
,Friday,no football game,2023-08-18
,Saturday,no football game,2023-08-19
,Sunday,no football game,2023-08-20
,Monday,no football game,2023-08-21
,Tuesday,no football game,2023-08-22
,Wednesday,no football game,2023-08-23
,Thursday,no football game,2023-08-24
,Friday,no football game,2023-08-25
,Saturday,no football game,2023-08-26
,Sunday,no football game,2023-08-27
,Monday,no football game,2023-08-28
,Tuesday,no football game,2023-08-29
,Wednesday,no football game,2023-08-30
,Thursday,no football game,2023-08-31
,Friday,no football game,2023-09-01
12:30:00,Saturday,football game,2023-09-02
,Sunday,no football game,2023-09-03
,Monday,no football game,2023-09-04
,Tuesday,no football game,2023-09-05
,Wednesday,no football game,2023-09-06
,Thursday,no football game,2023-09-07
,Friday,no football game,2023-09-08
14:00:00,Saturday,football game,2023-09-09
,Sunday,no football game,2023-09-10
,Monday,no football game,2023-09-11
,Tuesday,no football game,2023-09-12
,Wednesday,no football game,2023-09-13
,Thursday,no football game,2023-09-14
,Friday,no football game,2023-09-15
,Saturday,no football game,2023-09-16
,Sunday,no football game,2023-09-17
,Monday,no football game,2023-09-18
,Tuesday,no football game,2023-09-19
,Wednesday,no football game,2023-09-20
,Thursday,no football game,2023-09-21
,Friday,no football game,2023-09-22
19:30:00,Saturday,football game,2023-09-23
,Sunday,no football game,2023-09-24
,Monday,no football game,2023-09-25
,Tuesday,no football game,2023-09-26
,Wednesday,no football game,2023-09-27
,Thursday,no football game,2023-09-28
,Friday,no football game,2023-09-29
,Saturday,no football game,2023-09-30
,Sunday,no football game,2023-10-01
,Monday,no football game,2023-10-02
,Tuesday,no football game,2023-10-03
,Wednesday,no football game,2023-10-04
,Thursday,no football game,2023-10-05
,Friday,no football game,2023-10-06
,Saturday,no football game,2023-10-07
,Sunday,no football game,2023-10-08
,Monday,no football game,2023-10-09
,Tuesday,no football game,2023-10-10
,Wednesday,no football game,2023-10-11
,Thursday,no football game,2023-10-12
,Friday,no football game,2023-10-13
12:30:00,Saturday,football game,2023-10-14
,Sunday,no football game,2023-10-15
,Monday,no football game,2023-10-16
,Tuesday,no football game,2023-10-17
,Wednesday,no football game,2023-10-18
,Thursday,no football game,2023-10-19
,Friday,no football game,2023-10-20
19:30:00,Saturday,football game,2023-10-21
,Sunday,no football game,2023-10-22
,Monday,no football game,2023-10-23
,Tuesday,no football game,2023-10-24
,Wednesday,no football game,2023-10-25
,Thursday,no football game,2023-10-26
,Friday,no football game,2023-10-27
,Saturday,no football game,2023-10-28
,Sunday,no football game,2023-10-29
,Monday,no football game,2023-10-30
,Tuesday,no football game,2023-10-31
